Series,Operator,Circle,Type
6993,Jio,Telangana,Mobile
6612,Jio,All India,Mobile
6462,Jio,Delhi,Mobile
6486,Jio,Tamil Nadu,Mobile
6929,Jio,Telangana,Mobile
6903,Jio,Andhra Pradesh,Mobile
6221,Jio,Haryana,Mobile
6209,Jio,Assam,Mobile
6211,Jio,Karnataka,Mobile
6638,Jio,Chhattisgarh,Mobile
6300,Jio,Kerala,Mobile
6794,Jio,Telangana,Mobile
6107,Jio,Karnataka,Mobile
6482,Jio,Kerala,Mobile
6208,Jio,Assam,Mobile
6873,Jio,Assam,Mobile
6003,Jio,Maharashtra,Mobile
6144,Jio,Uttarakhand,Mobile
6063,Jio,Tamil Nadu,Mobile
6033,Jio,Jammu & Kashmir,Mobile
6115,Jio,Gujarat,Mobile
6887,Jio,Punjab,Mobile
6587,Jio,Madhya Pradesh,Mobile
6330,Jio,Andhra Pradesh,Mobile
6502,Jio,UP East,Mobile
6820,Jio,Rajasthan,Mobile
6954,Jio,Jharkhand,Mobile
6672,Jio,Maharashtra,Mobile
6931,Jio,Chhattisgarh,Mobile
6994,Jio,Telangana,Mobile
6861,Jio,All India,Mobile
6738,Jio,Odisha,Mobile
6384,Jio,Chhattisgarh,Mobile
6510,Jio,Assam,Mobile
6742,Jio,Jharkhand,Mobile
6478,Jio,West Bengal,Mobile
6589,Jio,Madhya Pradesh,Mobile
6594,Jio,Rajasthan,Mobile
6076,Jio,Maharashtra,Mobile
6604,Jio,Maharashtra,Mobile
6627,Jio,Jammu & Kashmir,Mobile
6839,Jio,Andhra Pradesh,Mobile
6198,Jio,Uttarakhand,Mobile
6114,Jio,Delhi,Mobile
6450,Jio,Karnataka,Mobile
6568,Jio,Assam,Mobile
6853,Jio,Chhattisgarh,Mobile
6818,Jio,Rajasthan,Mobile
6214,Jio,Haryana,Mobile
6194,Jio,Uttarakhand,Mobile
6189,Jio,Maharashtra,Mobile
6329,Jio,Jammu & Kashmir,Mobile
6717,Jio,Assam,Mobile
6867,Jio,Andhra Pradesh,Mobile
6264,Jio,Chhattisgarh,Mobile
6643,Jio,Gujarat,Mobile
6145,Jio,Uttarakhand,Mobile
6623,Jio,Delhi,Mobile
6642,Jio,Telangana,Mobile
6884,Jio,Tamil Nadu,Mobile
6674,Jio,Jharkhand,Mobile
6032,Jio,All India,Mobile
6162,Jio,Gujarat,Mobile
6187,Jio,Delhi,Mobile
6477,Jio,Maharashtra,Mobile
6957,Jio,Maharashtra,Mobile
6078,Jio,Jammu & Kashmir,Mobile
6177,Jio,Rajasthan,Mobile
6456,Jio,Rajasthan,Mobile
6942,Jio,Punjab,Mobile
6944,Jio,Telangana,Mobile
6532,Jio,Delhi,Mobile
6633,Jio,Punjab,Mobile
6665,Jio,Assam,Mobile
6252,Jio,Jammu & Kashmir,Mobile
6125,Jio,Odisha,Mobile
6706,Jio,Karnataka,Mobile
6225,Jio,All India,Mobile
6220,Jio,All India,Mobile
6511,Jio,Andhra Pradesh,Mobile
6599,Jio,Punjab,Mobile
6652,Jio,Odisha,Mobile
6334,Jio,Punjab,Mobile
6479,Jio,Gujarat,Mobile
6663,Jio,Haryana,Mobile
6718,Jio,UP East,Mobile
6453,Jio,Chhattisgarh,Mobile
6926,Jio,Chhattisgarh,Mobile
6042,Jio,Delhi,Mobile
6658,Jio,Tamil Nadu,Mobile
6428,Jio,Maharashtra,Mobile
6393,Jio,Jammu & Kashmir,Mobile
6907,Jio,Madhya Pradesh,Mobile
6269,Jio,Chhattisgarh,Mobile
6253,Jio,Kerala,Mobile
6985,Jio,Delhi,Mobile
6306,Jio,UP East,Mobile
6148,Jio,Karnataka,Mobile
6328,Jio,Karnataka,Mobile
6295,Jio,Gujarat,Mobile
6918,Jio,Tamil Nadu,Mobile
6350,Jio,Andhra Pradesh,Mobile
6920,Jio,Madhya Pradesh,Mobile
6893,Jio,Maharashtra,Mobile
6460,Jio,Jharkhand,Mobile
6533,Jio,Punjab,Mobile
6222,Jio,West Bengal,Mobile
6811,Jio,Delhi,Mobile
6508,Jio,Chhattisgarh,Mobile
6563,Jio,Gujarat,Mobile
6108,Jio,Kerala,Mobile
6382,Jio,Odisha,Mobile
6500,Jio,Jharkhand,Mobile
6458,Jio,Tamil Nadu,Mobile
6947,Jio,Tamil Nadu,Mobile
6002,Jio,Karnataka,Mobile
6179,Jio,Assam,Mobile
6374,Jio,Haryana,Mobile
6531,Jio,Punjab,Mobile
6185,Jio,Maharashtra,Mobile
6499,Jio,Assam,Mobile
6539,Jio,Chhattisgarh,Mobile
6857,Jio,Jharkhand,Mobile
6423,Jio,Chhattisgarh,Mobile
6281,Jio,Jharkhand,Mobile
6534,Jio,Kerala,Mobile
6314,Jio,Odisha,Mobile
6245,Jio,West Bengal,Mobile
6238,Jio,Madhya Pradesh,Mobile
6247,Jio,Gujarat,Mobile
6877,Jio,Assam,Mobile
6801,Jio,UP East,Mobile
6332,Jio,Jammu & Kashmir,Mobile
6681,Jio,Chhattisgarh,Mobile
6015,Jio,Jharkhand,Mobile
6341,Jio,Andhra Pradesh,Mobile
6810,Jio,Andhra Pradesh,Mobile
6472,Jio,Punjab,Mobile
6978,Jio,Assam,Mobile
6625,Jio,Uttarakhand,Mobile
6432,Jio,Delhi,Mobile
6093,Jio,All India,Mobile
6475,Jio,Andhra Pradesh,Mobile
7090,BSNL,Bihar,Mobile
7057,BSNL,Assam,Mobile
7086,BSNL,UP East,Mobile
7001,BSNL,North East,Mobile
7042,BSNL,UP East,Mobile
7051,BSNL,Bihar,Mobile
7049,BSNL,Bihar,Mobile
7014,BSNL,West Bengal,Mobile
7036,BSNL,Assam,Mobile
7010,BSNL,Punjab,Mobile
7027,BSNL,Madhya Pradesh,Mobile
7072,BSNL,Bihar,Mobile
7025,BSNL,North East,Mobile
7070,BSNL,Assam,Mobile
7035,BSNL,Madhya Pradesh,Mobile
7044,BSNL,Jammu & Kashmir,Mobile
7097,BSNL,Punjab,Mobile
7095,BSNL,West Bengal,Mobile
7038,BSNL,Punjab,Mobile
7013,BSNL,Odisha,Mobile
7041,BSNL,Odisha,Mobile
7060,BSNL,Punjab,Mobile
7096,BSNL,Punjab,Mobile
7091,BSNL,Jammu & Kashmir,Mobile
7055,BSNL,North East,Mobile
7080,BSNL,Odisha,Mobile
7022,BSNL,UP East,Mobile
7007,BSNL,West Bengal,Mobile
7087,BSNL,Odisha,Mobile
7015,BSNL,Jammu & Kashmir,Mobile
7092,BSNL,Odisha,Mobile
7083,BSNL,Bihar,Mobile
7059,BSNL,Odisha,Mobile
7026,BSNL,Punjab,Mobile
7000,BSNL,North East,Mobile
7020,BSNL,North East,Mobile
7074,BSNL,North East,Mobile
7078,BSNL,Odisha,Mobile
7052,BSNL,Jammu & Kashmir,Mobile
7030,BSNL,Jammu & Kashmir,Mobile
7045,BSNL,Bihar,Mobile
7029,BSNL,Punjab,Mobile
7066,BSNL,Madhya Pradesh,Mobile
7071,BSNL,Jammu & Kashmir,Mobile
7009,BSNL,Punjab,Mobile
7016,BSNL,Odisha,Mobile
7088,BSNL,Odisha,Mobile
7099,BSNL,Jammu & Kashmir,Mobile
7064,BSNL,West Bengal,Mobile
7043,BSNL,Jammu & Kashmir,Mobile
7098,BSNL,West Bengal,Mobile
7037,BSNL,Jammu & Kashmir,Mobile
7068,BSNL,Punjab,Mobile
7048,BSNL,Madhya Pradesh,Mobile
7094,BSNL,Jammu & Kashmir,Mobile
7073,BSNL,North East,Mobile
7046,BSNL,Odisha,Mobile
7005,BSNL,Madhya Pradesh,Mobile
7058,BSNL,Jammu & Kashmir,Mobile
7053,BSNL,UP East,Mobile
7039,BSNL,Punjab,Mobile
7003,BSNL,Punjab,Mobile
7033,BSNL,Assam,Mobile
7050,BSNL,Jammu & Kashmir,Mobile
7069,BSNL,UP East,Mobile
7063,BSNL,Jammu & Kashmir,Mobile
7031,BSNL,North East,Mobile
7077,BSNL,Madhya Pradesh,Mobile
7061,BSNL,Assam,Mobile
7047,BSNL,Bihar,Mobile
7085,BSNL,Assam,Mobile
7067,BSNL,Bihar,Mobile
7002,BSNL,Punjab,Mobile
7040,BSNL,West Bengal,Mobile
7018,BSNL,Assam,Mobile
7082,BSNL,Jammu & Kashmir,Mobile
7011,BSNL,Assam,Mobile
7006,BSNL,UP East,Mobile
7089,BSNL,Assam,Mobile
7008,BSNL,Punjab,Mobile
7034,BSNL,Assam,Mobile
7017,Airtel,Haryana,Mobile
7076,Airtel,Uttarakhand,Mobile
7075,Airtel,UP East,Mobile
7054,Airtel,Delhi,Mobile
7093,Airtel,Chhattisgarh,Mobile
7084,Airtel,Uttarakhand,Mobile
7024,Airtel,Uttarakhand,Mobile
7062,Airtel,UP East,Mobile
7056,Airtel,Gujarat,Mobile
7081,Airtel,Delhi,Mobile
7012,Airtel,Haryana,Mobile
7032,Airtel,Gujarat,Mobile
7028,Airtel,UP East,Mobile
7079,Vodafone Idea,Chhattisgarh,Mobile
7021,Vodafone Idea,Kerala,Mobile
7004,Vodafone Idea,Karnataka,Mobile
8844,Airtel,UP West,Mobile
8481,Airtel,Delhi,Mobile
8942,Airtel,Tamil Nadu,Mobile
8542,Airtel,Gujarat,Mobile
8130,Airtel,Odisha,Mobile
8548,Airtel,Bihar,Mobile
8241,Airtel,AP,Mobile
8008,Airtel,Kerala,Mobile
8909,Airtel,Haryana,Mobile
8666,Airtel,Odisha,Mobile
8379,Airtel,UP West,Mobile
8066,Airtel,Delhi,Mobile
8586,Airtel,Jharkhand,Mobile
8201,Airtel,West Bengal,Mobile
8518,Airtel,UP East,Mobile
8191,Airtel,Tamil Nadu,Mobile
8939,Airtel,Tamil Nadu,Mobile
8594,Airtel,Karnataka,Mobile
8213,Airtel,Maharashtra,Mobile
8276,Airtel,Jharkhand,Mobile
8983,Airtel,Chhattisgarh,Mobile
8556,Airtel,AP,Mobile
8005,Airtel,UP West,Mobile
8969,Airtel,Haryana,Mobile
8343,Airtel,West Bengal,Mobile
8134,Airtel,Kerala,Mobile
8814,Airtel,Bihar,Mobile
8253,Airtel,Delhi,Mobile
8116,Airtel,Chhattisgarh,Mobile
8463,Airtel,Delhi,Mobile
8083,Airtel,Kerala,Mobile
8767,Airtel,Rajasthan,Mobile
8020,Airtel,Odisha,Mobile
8403,Airtel,Bihar,Mobile
8278,Airtel,AP,Mobile
8689,Airtel,Gujarat,Mobile
8973,Airtel,Rajasthan,Mobile
8120,Airtel,Jharkhand,Mobile
8298,Airtel,AP,Mobile
8338,Airtel,Uttarakhand,Mobile
8345,Airtel,Karnataka,Mobile
8492,Airtel,Bihar,Mobile
8647,Airtel,Gujarat,Mobile
8060,Airtel,Maharashtra,Mobile
8757,Airtel,Odisha,Mobile
8248,Airtel,Punjab,Mobile
8741,Airtel,Bihar,Mobile
8199,Airtel,Haryana,Mobile
8779,Airtel,Gujarat,Mobile
8721,Airtel,Karnataka,Mobile
8245,Airtel,Gujarat,Mobile
8410,Airtel,Bihar,Mobile
8079,Airtel,Delhi,Mobile
8641,Airtel,UP West,Mobile
8390,Airtel,Karnataka,Mobile
8055,Airtel,Bihar,Mobile
8929,Airtel,Uttarakhand,Mobile
8483,Airtel,Rajasthan,Mobile
8156,Airtel,Punjab,Mobile
8445,Airtel,AP,Mobile
8024,Airtel,Chhattisgarh,Mobile
8948,Airtel,West Bengal,Mobile
8918,Airtel,Rajasthan,Mobile
8444,Airtel,Odisha,Mobile
8777,Airtel,HP,Mobile
8528,Airtel,Haryana,Mobile
8264,Airtel,Jharkhand,Mobile
8118,Airtel,Karnataka,Mobile
8455,Airtel,Tamil Nadu,Mobile
8126,Airtel,Tamil Nadu,Mobile
8655,Airtel,MP,Mobile
8720,Airtel,UP West,Mobile
8799,Airtel,Haryana,Mobile
8698,Airtel,UP East,Mobile
8190,Airtel,Kerala,Mobile
8376,Airtel,UP East,Mobile
8949,Airtel,Chhattisgarh,Mobile
8462,Airtel,Haryana,Mobile
8307,Airtel,Haryana,Mobile
8760,Airtel,MP,Mobile
8498,Airtel,Jharkhand,Mobile
8676,Airtel,Delhi,Mobile
8737,Airtel,Maharashtra,Mobile
8587,Airtel,HP,Mobile
8687,Airtel,Chhattisgarh,Mobile
8171,Airtel,Gujarat,Mobile
8874,Airtel,MP,Mobile
8347,Airtel,AP,Mobile
8895,Airtel,UP East,Mobile
8718,Airtel,Jharkhand,Mobile
8506,Airtel,Karnataka,Mobile
8303,Airtel,Maharashtra,Mobile
8283,Airtel,Maharashtra,Mobile
8127,Airtel,AP,Mobile
8482,Airtel,AP,Mobile
8115,Airtel,Haryana,Mobile
8631,Airtel,Gujarat,Mobile
8063,Airtel,Karnataka,Mobile
8218,Airtel,West Bengal,Mobile
8862,Airtel,Punjab,Mobile
8090,Airtel,Tamil Nadu,Mobile
8407,Airtel,UP West,Mobile
8413,Airtel,Chhattisgarh,Mobile
8563,Airtel,Maharashtra,Mobile
8781,Airtel,Tamil Nadu,Mobile
8627,Airtel,Karnataka,Mobile
8981,Airtel,UP East,Mobile
8590,Airtel,MP,Mobile
8426,Airtel,Odisha,Mobile
8914,Airtel,Maharashtra,Mobile
8378,Airtel,HP,Mobile
8052,Airtel,Rajasthan,Mobile
8514,Airtel,Gujarat,Mobile
8836,Airtel,Maharashtra,Mobile
8633,Airtel,Kerala,Mobile
8778,Airtel,Maharashtra,Mobile
8418,Airtel,Punjab,Mobile
8902,Airtel,Kerala,Mobile
8385,Airtel,Odisha,Mobile
8229,Airtel,Punjab,Mobile
8716,Airtel,Gujarat,Mobile
8773,Airtel,HP,Mobile
8829,Airtel,Delhi,Mobile
8015,Airtel,HP,Mobile
8860,Airtel,Delhi,Mobile
8642,Airtel,Rajasthan,Mobile
8395,Airtel,West Bengal,Mobile
8146,Airtel,West Bengal,Mobile
8611,Airtel,HP,Mobile
8162,Airtel,Jharkhand,Mobile
8034,Airtel,Odisha,Mobile
8966,Airtel,Karnataka,Mobile
8732,Airtel,Delhi,Mobile
8790,Airtel,Odisha,Mobile
8061,Airtel,Punjab,Mobile
8244,Airtel,Maharashtra,Mobile
8113,Airtel,UP West,Mobile
8425,Airtel,UP West,Mobile
8279,Airtel,Jharkhand,Mobile
8930,Airtel,Kerala,Mobile
8652,Airtel,Haryana,Mobile
8562,Vodafone Idea,UP West,Mobile
8884,Vodafone Idea,Haryana,Mobile
8282,Vodafone Idea,Assam,Mobile
8443,Vodafone Idea,Gujarat,Mobile
8995,Vodafone Idea,UP West,Mobile
8564,Vodafone Idea,Gujarat,Mobile
8449,Vodafone Idea,Haryana,Mobile
8367,Vodafone Idea,UP East,Mobile
8317,Vodafone Idea,AP,Mobile
8985,Vodafone Idea,Assam,Mobile
8691,Vodafone Idea,Rajasthan,Mobile
8490,Vodafone Idea,Delhi,Mobile
8808,Vodafone Idea,West Bengal,Mobile
8992,Vodafone Idea,West Bengal,Mobile
8970,Vodafone Idea,Assam,Mobile
8848,Vodafone Idea,Odisha,Mobile
8659,Vodafone Idea,Assam,Mobile
8486,Vodafone Idea,UP West,Mobile
8601,Vodafone Idea,Haryana,Mobile
8479,Vodafone Idea,Assam,Mobile
8280,Vodafone Idea,UP East,Mobile
8530,Vodafone Idea,Odisha,Mobile
8157,Vodafone Idea,MP,Mobile
8551,Vodafone Idea,Karnataka,Mobile
8212,Vodafone Idea,West Bengal,Mobile
8816,Vodafone Idea,Assam,Mobile
8591,Vodafone Idea,Odisha,Mobile
8933,Vodafone Idea,Tamil Nadu,Mobile
8260,Vodafone Idea,Bihar,Mobile
8802,Vodafone Idea,UP East,Mobile
8667,Vodafone Idea,West Bengal,Mobile
8646,Vodafone Idea,UP West,Mobile
8112,Vodafone Idea,Assam,Mobile
8136,Vodafone Idea,Haryana,Mobile
8352,Vodafone Idea,Punjab,Mobile
8153,Vodafone Idea,Tamil Nadu,Mobile
8327,Vodafone Idea,Gujarat,Mobile
8825,Vodafone Idea,Karnataka,Mobile
8662,Vodafone Idea,Maharashtra,Mobile
8507,Vodafone Idea,Punjab,Mobile
8369,Vodafone Idea,MP,Mobile
8165,Vodafone Idea,Maharashtra,Mobile
8768,Vodafone Idea,Karnataka,Mobile
8837,Vodafone Idea,Rajasthan,Mobile
8086,Vodafone Idea,Punjab,Mobile
8517,Vodafone Idea,Bihar,Mobile
8596,Vodafone Idea,UP East,Mobile
8135,Vodafone Idea,Karnataka,Mobile
8366,Vodafone Idea,Kerala,Mobile
8257,Vodafone Idea,AP,Mobile
8702,Vodafone Idea,Maharashtra,Mobile
8809,Vodafone Idea,Rajasthan,Mobile
8688,Vodafone Idea,UP West,Mobile
8784,Vodafone Idea,Tamil Nadu,Mobile
8805,Vodafone Idea,Gujarat,Mobile
8477,Vodafone Idea,Odisha,Mobile
8830,Vodafone Idea,Assam,Mobile
8180,Vodafone Idea,Tamil Nadu,Mobile
8437,Vodafone Idea,Gujarat,Mobile
8962,Vodafone Idea,Delhi,Mobile
8006,Vodafone Idea,Rajasthan,Mobile
8295,Vodafone Idea,Assam,Mobile
8619,Vodafone Idea,MP,Mobile
8625,Vodafone Idea,Rajasthan,Mobile
8978,Vodafone Idea,AP,Mobile
8828,Vodafone Idea,Karnataka,Mobile
8025,Vodafone Idea,AP,Mobile
8077,Vodafone Idea,MP,Mobile
8951,Vodafone Idea,Karnataka,Mobile
8122,Vodafone Idea,MP,Mobile
8557,Vodafone Idea,Delhi,Mobile
8322,Vodafone Idea,Maharashtra,Mobile
8152,Vodafone Idea,MP,Mobile
8639,Vodafone Idea,Maharashtra,Mobile
8010,Vodafone Idea,Karnataka,Mobile
8826,Vodafone Idea,Maharashtra,Mobile
8555,Vodafone Idea,Odisha,Mobile
8350,Vodafone Idea,Assam,Mobile
8537,Vodafone Idea,Karnataka,Mobile
8017,Vodafone Idea,Karnataka,Mobile
8436,Vodafone Idea,Bihar,Mobile
8846,Vodafone Idea,Assam,Mobile
8340,Vodafone Idea,Maharashtra,Mobile
8364,Vodafone Idea,Gujarat,Mobile
8912,Vodafone Idea,Delhi,Mobile
8640,Vodafone Idea,Bihar,Mobile
8804,Vodafone Idea,Punjab,Mobile
8230,Vodafone Idea,Gujarat,Mobile
8296,Vodafone Idea,Punjab,Mobile
8272,Vodafone Idea,Bihar,Mobile
8255,Vodafone Idea,Kerala,Mobile
8454,Vodafone Idea,Odisha,Mobile
8738,Vodafone Idea,MP,Mobile
8240,Vodafone Idea,West Bengal,Mobile
8599,Vodafone Idea,Kerala,Mobile
8441,Vodafone Idea,UP East,Mobile
8460,Vodafone Idea,Assam,Mobile
8880,Vodafone Idea,Maharashtra,Mobile
8447,Vodafone Idea,UP West,Mobile
8332,Vodafone Idea,Kerala,Mobile
8078,Vodafone Idea,UP West,Mobile
8673,Vodafone Idea,Assam,Mobile
8423,Vodafone Idea,AP,Mobile
8744,Vodafone Idea,Gujarat,Mobile
8329,Vodafone Idea,West Bengal,Mobile
8812,Vodafone Idea,Odisha,Mobile
8538,Vodafone Idea,Assam,Mobile
8424,Vodafone Idea,UP West,Mobile
8756,Vodafone Idea,AP,Mobile
8336,Vodafone Idea,Kerala,Mobile
8600,Vodafone Idea,UP West,Mobile
8866,Vodafone Idea,Punjab,Mobile
8200,Vodafone Idea,Rajasthan,Mobile
8459,Vodafone Idea,Karnataka,Mobile
8456,Vodafone Idea,UP East,Mobile
8513,Vodafone Idea,Kerala,Mobile
8674,Vodafone Idea,Odisha,Mobile
8496,Vodafone Idea,Assam,Mobile
8397,Vodafone Idea,Gujarat,Mobile
8634,Vodafone Idea,UP East,Mobile
8869,Vodafone Idea,Rajasthan,Mobile
8660,Vodafone Idea,Rajasthan,Mobile
8102,Vodafone Idea,Karnataka,Mobile
8855,Vodafone Idea,Bihar,Mobile
8363,Jio,Punjab,Mobile
8305,Jio,Tamil Nadu,Mobile
8037,Jio,Maharashtra,Mobile
8677,Jio,Jharkhand,Mobile
8575,Jio,Punjab,Mobile
8480,Jio,Karnataka,Mobile
8516,Jio,All India,Mobile
8081,Jio,Bihar,Mobile
8947,Jio,Punjab,Mobile
8022,Jio,Tamil Nadu,Mobile
8131,Jio,All India,Mobile
8669,Jio,Gujarat,Mobile
8392,Jio,UP East,Mobile
8032,Jio,Maharashtra,Mobile
8574,Jio,Bihar,Mobile
8474,Jio,Kerala,Mobile
8095,Jio,Delhi,Mobile
8256,Jio,Haryana,Mobile
8148,Jio,UP East,Mobile
8931,Jio,UP East,Mobile
8267,Jio,Tamil Nadu,Mobile
8056,Jio,UP East,Mobile
8004,Jio,Delhi,Mobile
8734,Jio,Tamil Nadu,Mobile
8365,Jio,UP East,Mobile
8945,Jio,Delhi,Mobile
8057,Jio,Gujarat,Mobile
8222,Jio,Uttarakhand,Mobile
8552,Jio,MP,Mobile
8675,Jio,Tamil Nadu,Mobile
8527,Jio,Karnataka,Mobile
8711,Jio,Haryana,Mobile
8356,Jio,Tamil Nadu,Mobile
8258,Jio,Assam,Mobile
8569,Jio,AP,Mobile
8550,Jio,Chhattisgarh,Mobile
8976,Jio,Uttarakhand,Mobile
8003,Jio,UP West,Mobile
8093,Jio,Odisha,Mobile
8692,Jio,Haryana,Mobile
8839,Jio,Delhi,Mobile
8897,Jio,Punjab,Mobile
8882,Jio,Odisha,Mobile
8984,Jio,AP,Mobile
8302,Jio,Rajasthan,Mobile
8536,Jio,Rajasthan,Mobile
8155,Jio,West Bengal,Mobile
8996,Jio,Rajasthan,Mobile
8254,Jio,Uttarakhand,Mobile
8035,Jio,Karnataka,Mobile
8520,Jio,Delhi,Mobile
8273,Jio,Karnataka,Mobile
8361,Jio,Delhi,Mobile
8610,Jio,Odisha,Mobile
8521,Jio,Punjab,Mobile
8780,Jio,Assam,Mobile
8202,Jio,All India,Mobile
8398,Jio,AP,Mobile
8968,Jio,AP,Mobile
8023,Jio,Chhattisgarh,Mobile
8725,Jio,UP West,Mobile
8129,Jio,Chhattisgarh,Mobile
8150,Jio,UP East,Mobile
8707,Jio,Tamil Nadu,Mobile
8963,Jio,Tamil Nadu,Mobile
8695,Jio,West Bengal,Mobile
8644,Jio,Jharkhand,Mobile
8792,Jio,Gujarat,Mobile
8249,Jio,MP,Mobile
8432,Jio,Odisha,Mobile
8177,Jio,UP East,Mobile
8206,Jio,West Bengal,Mobile
8793,Jio,Delhi,Mobile
8225,Jio,Bihar,Mobile
8337,Jio,Chhattisgarh,Mobile
8831,Jio,UP East,Mobile
8419,Jio,Uttarakhand,Mobile
8314,Jio,Uttarakhand,Mobile
8998,Jio,Chhattisgarh,Mobile
8974,Jio,All India,Mobile
8147,Jio,Odisha,Mobile
8876,Jio,MP,Mobile
8103,Jio,Haryana,Mobile
8649,Jio,Punjab,Mobile
8468,Jio,Uttarakhand,Mobile
8137,Jio,Delhi,Mobile
8042,Jio,MP,Mobile
8892,Jio,Odisha,Mobile
8726,Jio,Haryana,Mobile
8758,Jio,West Bengal,Mobile
8428,Jio,Uttarakhand,Mobile
8269,Jio,Tamil Nadu,Mobile
8682,Jio,Maharashtra,Mobile
8268,Jio,Delhi,Mobile
8515,Jio,Maharashtra,Mobile
8965,BSNL,All India,Mobile
8084,BSNL,All India,Mobile
8833,BSNL,All India,Mobile
8624,BSNL,All India,Mobile
8018,BSNL,All India,Mobile
8070,BSNL,All India,Mobile
8393,BSNL,All India,Mobile
8761,BSNL,All India,Mobile
8353,BSNL,All India,Mobile
8883,BSNL,All India,Mobile
8763,BSNL,All India,Mobile
8096,BSNL,All India,Mobile
8154,BSNL,All India,Mobile
8987,BSNL,All India,Mobile
8821,BSNL,All India,Mobile
8581,BSNL,All India,Mobile
8019,BSNL,All India,Mobile
8922,BSNL,All India,Mobile
8414,BSNL,All India,Mobile
8334,BSNL,All India,Mobile
8087,BSNL,All India,Mobile
8927,BSNL,All India,Mobile
8854,BSNL,All India,Mobile
8728,BSNL,All India,Mobile
8796,BSNL,All India,Mobile
8291,BSNL,All India,Mobile
8140,BSNL,All India,Mobile
8957,BSNL,All India,Mobile
8044,BSNL,All India,Mobile
8890,BSNL,All India,Mobile
8795,BSNL,All India,Mobile
8160,BSNL,All India,Mobile
8504,BSNL,All India,Mobile
8014,BSNL,All India,Mobile
8027,BSNL,All India,Mobile
8877,BSNL,All India,Mobile
8292,BSNL,All India,Mobile
8346,BSNL,All India,Mobile
8654,BSNL,All India,Mobile
8703,BSNL,All India,Mobile
8709,BSNL,All India,Mobile
8997,BSNL,All India,Mobile
8344,BSNL,All India,Mobile
8653,BSNL,All India,Mobile
8935,BSNL,All India,Mobile
8383,BSNL,All India,Mobile
8207,BSNL,All India,Mobile
8072,BSNL,All India,Mobile
8870,BSNL,All India,Mobile
8602,BSNL,All India,Mobile
8297,BSNL,All India,Mobile
8198,BSNL,All India,Mobile
8752,BSNL,All India,Mobile
8301,BSNL,All India,Mobile
8271,BSNL,All India,Mobile
8936,BSNL,All India,Mobile
8822,BSNL,All India,Mobile
8819,BSNL,All India,Mobile
8478,BSNL,All India,Mobile
8928,BSNL,All India,Mobile
8420,BSNL,All India,Mobile
8577,BSNL,All India,Mobile
8178,BSNL,All India,Mobile
8753,BSNL,All India,Mobile
8901,BSNL,All India,Mobile
8029,BSNL,All India,Mobile
8189,BSNL,All India,Mobile
8894,BSNL,All India,Mobile
8415,BSNL,All India,Mobile
8999,BSNL,All India,Mobile
8412,BSNL,All India,Mobile
8071,BSNL,All India,Mobile
8466,BSNL,All India,Mobile
8231,BSNL,All India,Mobile
8404,BSNL,All India,Mobile
8125,BSNL,All India,Mobile
8308,BSNL,All India,Mobile
8889,BSNL,All India,Mobile
8464,BSNL,All India,Mobile
8430,BSNL,All India,Mobile
8775,BSNL,All India,Mobile
8013,BSNL,All India,Mobile
8405,BSNL,All India,Mobile
8554,BSNL,All India,Mobile
8438,BSNL,All India,Mobile
8007,BSNL,All India,Mobile
8049,BSNL,All India,Mobile
8719,BSNL,All India,Mobile
8461,BSNL,All India,Mobile
9362,Airtel,Gujarat,Mobile
9872,Airtel,Gujarat,Mobile
9353,Airtel,West Bengal,Mobile
9633,Airtel,AP,Mobile
9186,Airtel,Kerala,Mobile
9782,Airtel,UP East,Mobile
9037,Airtel,Delhi,Mobile
9199,Airtel,West Bengal,Mobile
9752,Airtel,UP East,Mobile
9851,Airtel,Delhi,Mobile
9128,Airtel,West Bengal,Mobile
9716,Airtel,Jharkhand,Mobile
9984,Airtel,Karnataka,Mobile
9568,Airtel,Bihar,Mobile
9896,Airtel,AP,Mobile
9323,Airtel,AP,Mobile
9221,Airtel,Tamil Nadu,Mobile
9310,Airtel,Bihar,Mobile
9092,Airtel,UP East,Mobile
9817,Airtel,Karnataka,Mobile
9827,Airtel,Odisha,Mobile
9830,Airtel,Jharkhand,Mobile
9317,Airtel,Delhi,Mobile
9395,Airtel,Delhi,Mobile
9783,Airtel,MP,Mobile
9924,Airtel,Kerala,Mobile
9576,Airtel,Karnataka,Mobile
9511,Airtel,Maharashtra,Mobile
9293,Airtel,UP East,Mobile
9437,Airtel,Jharkhand,Mobile
9837,Airtel,Gujarat,Mobile
9699,Airtel,Delhi,Mobile
9047,Airtel,Odisha,Mobile
9070,Airtel,Haryana,Mobile
9372,Airtel,Punjab,Mobile
9578,Airtel,Karnataka,Mobile
9442,Airtel,MP,Mobile
9364,Airtel,Delhi,Mobile
9529,Airtel,Bihar,Mobile
9016,Airtel,Tamil Nadu,Mobile
9003,Airtel,Punjab,Mobile
9098,Airtel,Punjab,Mobile
9008,Airtel,Tamil Nadu,Mobile
9661,Airtel,West Bengal,Mobile
9017,Airtel,Odisha,Mobile
9921,Airtel,HP,Mobile
9507,Airtel,MP,Mobile
9271,Airtel,HP,Mobile
9485,Airtel,Delhi,Mobile
9700,Airtel,Delhi,Mobile
9313,Airtel,UP East,Mobile
9234,Airtel,Kerala,Mobile
9799,Airtel,Punjab,Mobile
9188,Airtel,Delhi,Mobile
9583,Airtel,AP,Mobile
9920,Airtel,Jharkhand,Mobile
9153,Airtel,Karnataka,Mobile
9406,Airtel,Gujarat,Mobile
9572,Airtel,Odisha,Mobile
9295,Airtel,Punjab,Mobile
9162,Airtel,HP,Mobile
9205,Airtel,Kerala,Mobile
9400,Airtel,Kerala,Mobile
9617,Airtel,West Bengal,Mobile
9316,Airtel,Tamil Nadu,Mobile
9036,Airtel,Gujarat,Mobile
9679,Airtel,Punjab,Mobile
9743,Airtel,Delhi,Mobile
9247,Airtel,HP,Mobile
9540,Airtel,Jharkhand,Mobile
9714,Airtel,West Bengal,Mobile
9908,Airtel,Odisha,Mobile
9068,Airtel,Gujarat,Mobile
9024,Airtel,Odisha,Mobile
9963,Airtel,Rajasthan,Mobile
9178,Airtel,MP,Mobile
9955,Airtel,Punjab,Mobile
9574,Airtel,Delhi,Mobile
9708,Airtel,HP,Mobile
9438,Airtel,AP,Mobile
9996,Airtel,Tamil Nadu,Mobile
9289,Airtel,Bihar,Mobile
9719,Airtel,West Bengal,Mobile
9942,Airtel,HP,Mobile
9287,Airtel,Rajasthan,Mobile
9031,Airtel,Kerala,Mobile
9083,Airtel,West Bengal,Mobile
9290,Airtel,Rajasthan,Mobile
9524,Airtel,Gujarat,Mobile
9900,Airtel,Jharkhand,Mobile
9044,Airtel,Rajasthan,Mobile
9732,Airtel,UP East,Mobile
9244,Airtel,Gujarat,Mobile
9045,Airtel,Odisha,Mobile
9607,Airtel,HP,Mobile
9775,Airtel,AP,Mobile
9645,Airtel,Rajasthan,Mobile
9683,Airtel,Bihar,Mobile
9088,Airtel,West Bengal,Mobile
9222,Airtel,Jharkhand,Mobile
9618,Airtel,UP East,Mobile
9321,Airtel,Haryana,Mobile
9218,Airtel,Karnataka,Mobile
9646,Airtel,Rajasthan,Mobile
9046,Airtel,Tamil Nadu,Mobile
9514,Airtel,Delhi,Mobile
9264,Airtel,Haryana,Mobile
9885,Airtel,Odisha,Mobile
9990,Airtel,Kerala,Mobile
9193,Airtel,HP,Mobile
9621,Airtel,Gujarat,Mobile
9091,Airtel,MP,Mobile
9614,Airtel,Rajasthan,Mobile
9625,Airtel,West Bengal,Mobile
9967,Airtel,Rajasthan,Mobile
9474,Airtel,Delhi,Mobile
9458,Airtel,Karnataka,Mobile
9656,Airtel,Kerala,Mobile
9969,Airtel,AP,Mobile
9435,Airtel,HP,Mobile
9581,Airtel,HP,Mobile
9410,Airtel,Haryana,Mobile
9648,Airtel,Kerala,Mobile
9419,Airtel,HP,Mobile
9763,Airtel,AP,Mobile
9134,Airtel,Maharashtra,Mobile
9034,Airtel,Haryana,Mobile
9099,Airtel,Punjab,Mobile
9235,Airtel,AP,Mobile
9216,Airtel,Bihar,Mobile
9334,Airtel,West Bengal,Mobile
9733,Airtel,Haryana,Mobile
9360,Airtel,Jharkhand,Mobile
9749,Airtel,Punjab,Mobile
9917,Airtel,MP,Mobile
9144,Airtel,Rajasthan,Mobile
9636,Airtel,Bihar,Mobile
9194,Airtel,Jharkhand,Mobile
9869,Airtel,Kerala,Mobile
9237,Airtel,MP,Mobile
9245,Vodafone Idea,Haryana,Mobile
9304,Vodafone Idea,Bihar,Mobile
9820,Vodafone Idea,UP West,Mobile
9326,Vodafone Idea,UP East,Mobile
9890,Vodafone Idea,UP East,Mobile
9058,Vodafone Idea,MP,Mobile
9873,Vodafone Idea,Delhi,Mobile
9925,Vodafone Idea,UP West,Mobile
9756,Vodafone Idea,Odisha,Mobile
9738,Vodafone Idea,MP,Mobile
9292,Vodafone Idea,Assam,Mobile
9023,Vodafone Idea,UP West,Mobile
9615,Vodafone Idea,Punjab,Mobile
9825,Vodafone Idea,West Bengal,Mobile
9638,Vodafone Idea,Odisha,Mobile
9961,Vodafone Idea,AP,Mobile
9169,Vodafone Idea,MP,Mobile
9242,Vodafone Idea,North East,Mobile
9424,Vodafone Idea,UP East,Mobile
9559,Vodafone Idea,UP East,Mobile
9486,Vodafone Idea,UP West,Mobile
9690,Vodafone Idea,North East,Mobile
9609,Vodafone Idea,West Bengal,Mobile
9639,Vodafone Idea,Bihar,Mobile
9545,Vodafone Idea,MP,Mobile
9416,Vodafone Idea,Bihar,Mobile
9652,Vodafone Idea,UP East,Mobile
9903,Vodafone Idea,North East,Mobile
9100,Vodafone Idea,Bihar,Mobile
9375,Vodafone Idea,AP,Mobile
9465,Vodafone Idea,Odisha,Mobile
9432,Vodafone Idea,Odisha,Mobile
9130,Vodafone Idea,Punjab,Mobile
9200,Vodafone Idea,Delhi,Mobile
9521,Vodafone Idea,Rajasthan,Mobile
9240,Vodafone Idea,AP,Mobile
9177,Vodafone Idea,UP East,Mobile
9075,Vodafone Idea,AP,Mobile
9702,Vodafone Idea,Delhi,Mobile
9053,Vodafone Idea,AP,Mobile
9466,Vodafone Idea,AP,Mobile
9654,Vodafone Idea,Gujarat,Mobile
9823,Vodafone Idea,Delhi,Mobile
9152,Vodafone Idea,AP,Mobile
9932,Vodafone Idea,Gujarat,Mobile
9912,Vodafone Idea,MP,Mobile
9258,Vodafone Idea,Rajasthan,Mobile
9634,Vodafone Idea,MP,Mobile
9123,Vodafone Idea,Kerala,Mobile
9998,Vodafone Idea,Karnataka,Mobile
9423,Vodafone Idea,Delhi,Mobile
9226,Vodafone Idea,Gujarat,Mobile
9190,Vodafone Idea,Delhi,Mobile
9269,Vodafone Idea,Tamil Nadu,Mobile
9164,Vodafone Idea,Maharashtra,Mobile
9418,Vodafone Idea,Karnataka,Mobile
9553,Vodafone Idea,Karnataka,Mobile
9854,Vodafone Idea,Gujarat,Mobile
9450,Vodafone Idea,UP West,Mobile
9944,Vodafone Idea,Tamil Nadu,Mobile
9279,Vodafone Idea,Kerala,Mobile
9801,Vodafone Idea,Punjab,Mobile
9073,Vodafone Idea,Maharashtra,Mobile
9387,Vodafone Idea,MP,Mobile
9556,Vodafone Idea,Odisha,Mobile
9705,Vodafone Idea,AP,Mobile
9819,Vodafone Idea,Delhi,Mobile
9498,Vodafone Idea,Delhi,Mobile
9590,Vodafone Idea,Punjab,Mobile
9347,Vodafone Idea,Rajasthan,Mobile
9853,Vodafone Idea,Rajasthan,Mobile
9394,Vodafone Idea,Karnataka,Mobile
9797,Vodafone Idea,MP,Mobile
9501,Vodafone Idea,Haryana,Mobile
9863,Vodafone Idea,AP,Mobile
9425,Vodafone Idea,AP,Mobile
9183,Vodafone Idea,Karnataka,Mobile
9119,Vodafone Idea,Rajasthan,Mobile
9686,Vodafone Idea,UP West,Mobile
9836,Vodafone Idea,Kerala,Mobile
9526,Vodafone Idea,Assam,Mobile
9878,Vodafone Idea,Punjab,Mobile
9694,Vodafone Idea,West Bengal,Mobile
9954,Vodafone Idea,AP,Mobile
9810,Vodafone Idea,Assam,Mobile
9546,Vodafone Idea,Assam,Mobile
9307,Vodafone Idea,West Bengal,Mobile
9127,Vodafone Idea,Maharashtra,Mobile
9619,Vodafone Idea,Kerala,Mobile
9228,Vodafone Idea,North East,Mobile
9492,Vodafone Idea,West Bengal,Mobile
9846,Vodafone Idea,Gujarat,Mobile
9537,Vodafone Idea,Bihar,Mobile
9649,Vodafone Idea,Gujarat,Mobile
9161,Vodafone Idea,UP West,Mobile
9781,Vodafone Idea,Haryana,Mobile
9728,Vodafone Idea,Haryana,Mobile
9365,Vodafone Idea,Gujarat,Mobile
9542,Vodafone Idea,Kerala,Mobile
9274,Vodafone Idea,UP West,Mobile
9904,Vodafone Idea,North East,Mobile
9032,Vodafone Idea,UP East,Mobile
9631,Vodafone Idea,Gujarat,Mobile
9471,Vodafone Idea,Assam,Mobile
9060,Vodafone Idea,Odisha,Mobile
9379,Vodafone Idea,Gujarat,Mobile
9789,Vodafone Idea,Karnataka,Mobile
9407,Vodafone Idea,Gujarat,Mobile
9555,Vodafone Idea,Punjab,Mobile
9030,Vodafone Idea,West Bengal,Mobile
9877,Vodafone Idea,UP East,Mobile
9111,Vodafone Idea,North East,Mobile
9739,Vodafone Idea,Gujarat,Mobile
9025,BSNL,West Bengal,Mobile
9301,BSNL,J&K,Mobile
9641,BSNL,Karnataka,Mobile
9265,BSNL,Haryana,Mobile
9131,BSNL,Kerala,Mobile
9914,BSNL,Karnataka,Mobile
9897,BSNL,Maharashtra,Mobile
9597,BSNL,North East,Mobile
9272,BSNL,Andaman,Mobile
9256,BSNL,Maharashtra,Mobile
9585,BSNL,Karnataka,Mobile
9718,BSNL,MP,Mobile
9868,BSNL,West Bengal,Mobile
9384,BSNL,Haryana,Mobile
9149,BSNL,Maharashtra,Mobile
9209,BSNL,AP,Mobile
9860,BSNL,Haryana,Mobile
9444,BSNL,Punjab,Mobile
9021,BSNL,HP,Mobile
9767,BSNL,Maharashtra,Mobile
9470,BSNL,West Bengal,Mobile
9923,BSNL,North East,Mobile
9203,BSNL,Kerala,Mobile
9300,BSNL,Haryana,Mobile
9086,BSNL,MP,Mobile
9020,BSNL,HP,Mobile
9278,BSNL,MP,Mobile
9826,BSNL,Karnataka,Mobile
9592,BSNL,Haryana,Mobile
9707,BSNL,AP,Mobile
9048,BSNL,Odisha,Mobile
9742,BSNL,Rajasthan,Mobile
9670,BSNL,Punjab,Mobile
9448,BSNL,Karnataka,Mobile
9026,BSNL,J&K,Mobile
9571,BSNL,J&K,Mobile
9396,BSNL,Maharashtra,Mobile
9866,BSNL,Haryana,Mobile
9463,BSNL,Bihar,Mobile
9709,BSNL,Uttarakhand,Mobile
9109,BSNL,Kerala,Mobile
9039,BSNL,Odisha,Mobile
9659,BSNL,Uttarakhand,Mobile
9345,BSNL,Kerala,Mobile
9095,BSNL,Andaman,Mobile
9791,BSNL,Bihar,Mobile
9378,BSNL,Odisha,Mobile
9774,BSNL,Haryana,Mobile
9208,BSNL,MP,Mobile
9734,BSNL,UP East,Mobile
9881,BSNL,UP East,Mobile
9751,BSNL,Punjab,Mobile
9328,BSNL,AP,Mobile
9473,BSNL,Maharashtra,Mobile
9082,BSNL,Haryana,Mobile
9232,BSNL,MP,Mobile
9074,BSNL,Karnataka,Mobile
9225,BSNL,Andaman,Mobile
9012,BSNL,Kerala,Mobile
9040,BSNL,Jharkhand,Mobile
9315,BSNL,MP,Mobile
9488,BSNL,Haryana,Mobile
9905,BSNL,J&K,Mobile
9409,BSNL,AP,Mobile
9508,BSNL,West Bengal,Mobile
9773,BSNL,MP,Mobile
9906,BSNL,Andaman,Mobile
9281,BSNL,Andaman,Mobile
9386,BSNL,Bihar,Mobile
9215,BSNL,Rajasthan,Mobile
9393,BSNL,Maharashtra,Mobile
9768,BSNL,Odisha,Mobile
9010,BSNL,UP East,Mobile
9280,BSNL,AP,Mobile
9741,BSNL,Kerala,Mobile
9527,BSNL,Rajasthan,Mobile
9643,BSNL,Punjab,Mobile
9523,BSNL,Jharkhand,Mobile
9965,BSNL,J&K,Mobile
9481,BSNL,Punjab,Mobile
9156,BSNL,West Bengal,Mobile
9259,BSNL,MP,Mobile
9724,BSNL,Tamil Nadu,Mobile
9660,BSNL,Haryana,Mobile
9013,BSNL,Punjab,Mobile
9179,BSNL,Andaman,Mobile
9886,BSNL,Punjab,Mobile
9249,BSNL,MP,Mobile
9155,BSNL,Haryana,Mobile
9484,BSNL,Jharkhand,Mobile
9042,BSNL,AP,Mobile
9475,BSNL,Kerala,Mobile
9829,BSNL,MP,Mobile
9038,BSNL,MP,Mobile
9195,BSNL,Bihar,Mobile
9513,BSNL,Kerala,Mobile
9577,BSNL,Haryana,Mobile
9469,BSNL,J&K,Mobile
9211,BSNL,Odisha,Mobile
9596,BSNL,Maharashtra,Mobile
9725,BSNL,J&K,Mobile
9175,BSNL,Tamil Nadu,Mobile
9668,BSNL,Haryana,Mobile
9196,BSNL,UP East,Mobile
9007,BSNL,Haryana,Mobile
9441,BSNL,Jharkhand,Mobile
9909,Jio,Tamil Nadu,Mobile
9172,Jio,Punjab,Mobile
9938,Jio,Tamil Nadu,Mobile
9033,Jio,Maharashtra,Mobile
9978,Jio,Delhi,Mobile
9875,Jio,Tamil Nadu,Mobile
9124,Jio,Karnataka,Mobile
9746,Jio,West Bengal,Mobile
9390,Jio,Haryana,Mobile
9798,Jio,All India,Mobile
9129,Jio,Odisha,Mobile
9608,Jio,UP West,Mobile
9478,Jio,Gujarat,Mobile
9845,Jio,Maharashtra,Mobile
9397,Jio,Karnataka,Mobile
9009,Jio,AP,Mobile
9629,Jio,MP,Mobile
9573,Jio,West Bengal,Mobile
9663,Jio,Tamil Nadu,Mobile
9106,Jio,Bihar,Mobile
9935,Jio,Odisha,Mobile
9838,Jio,AP,Mobile
9361,Jio,Karnataka,Mobile
9929,Jio,Kerala,Mobile
9041,Jio,Tamil Nadu,Mobile
9118,Jio,All India,Mobile
9698,Jio,Kerala,Mobile
9956,Jio,Maharashtra,Mobile
9744,Jio,Haryana,Mobile
9094,Jio,MP,Mobile
9951,Jio,Tamil Nadu,Mobile
9957,Jio,AP,Mobile
9018,Jio,Jharkhand,Mobile
9538,Jio,Rajasthan,Mobile
9676,Jio,Bihar,Mobile
9794,Jio,Maharashtra,Mobile
9509,Jio,Rajasthan,Mobile
9831,Jio,Karnataka,Mobile
9949,Jio,West Bengal,Mobile
9085,Jio,Jharkhand,Mobile
9580,Jio,UP East,Mobile
9565,Jio,Rajasthan,Mobile
9376,Jio,Kerala,Mobile
9785,Jio,Kerala,Mobile
9835,Jio,Delhi,Mobile
9680,Jio,Rajasthan,Mobile
9588,Jio,All India,Mobile
9063,Jio,West Bengal,Mobile
9043,Jio,Punjab,Mobile
9150,Jio,Maharashtra,Mobile
9842,Jio,Maharashtra,Mobile
9210,Jio,Jharkhand,Mobile
9056,Jio,Gujarat,Mobile
9080,Jio,All India,Mobile
9713,Jio,Tamil Nadu,Mobile
9403,Jio,AP,Mobile
9731,Jio,Tamil Nadu,Mobile
9519,Jio,Punjab,Mobile
9623,Jio,Jharkhand,Mobile
9892,Jio,Odisha,Mobile
9277,Jio,Maharashtra,Mobile
9401,Jio,Bihar,Mobile
9591,Jio,All India,Mobile
9889,Jio,Gujarat,Mobile
9662,Jio,Odisha,Mobile
9765,Jio,West Bengal,Mobile
9339,Jio,Odisha,Mobile
9584,Jio,Jharkhand,Mobile
9411,Jio,AP,Mobile
9595,Jio,UP West,Mobile
9604,Jio,Karnataka,Mobile
9158,Jio,Punjab,Mobile
9163,Jio,All India,Mobile
9858,Jio,Kerala,Mobile
9497,Jio,AP,Mobile
9160,Jio,Tamil Nadu,Mobile
9288,Jio,Haryana,Mobile
9761,Jio,Rajasthan,Mobile
9204,Jio,Maharashtra,Mobile
9753,Jio,Maharashtra,Mobile
9251,Jio,Karnataka,Mobile
9148,Jio,Rajasthan,Mobile
9941,Jio,Gujarat,Mobile
9059,Jio,Bihar,Mobile
9443,Jio,Haryana,Mobile
9780,Jio,Karnataka,Mobile
9557,Jio,West Bengal,Mobile
9202,Jio,Odisha,Mobile
9434,Jio,Bihar,Mobile
9913,Jio,MP,Mobile
9273,Jio,Karnataka,Mobile
9173,Jio,Maharashtra,Mobile
9062,Jio,Punjab,Mobile
9796,Jio,Delhi,Mobile
9570,Jio,West Bengal,Mobile
9986,Jio,Jharkhand,Mobile
9871,Jio,Odisha,Mobile
